{"cameraMode":{"drawMode":0,"name":"Shaded","section":"Shading Mode"},"sceneLighting":false,"audioPlay":false,"sceneViewState":{"showFog":true,"showMaterialUpdate":false,"showSkybox":false,"showFlares":true,"showImageEffects":true,"showParticleSystems":true},"in2DMode":false,"pivot":{"x":-0.04341411590576172,"y":396.5102233886719,"z":-2.9227066040039064},"rotation":{"x":-0.3049251437187195,"y":-0.36098915338516238,"z":0.12619780004024507,"w":-0.8722363710403442},"size":9.724325180053711,"orthographic":false}