{"cameraMode":{"drawMode":0,"name":"Shaded","section":"Shading Mode"},"sceneLighting":false,"audioPlay":false,"sceneViewState":{"showFog":true,"showMaterialUpdate":false,"showSkybox":false,"showFlares":true,"showImageEffects":true,"showParticleSystems":true},"in2DMode":false,"pivot":{"x":-0.07487612962722779,"y":299.037353515625,"z":-0.16585326194763184},"rotation":{"x":0.09408029168844223,"y":-0.2441265732049942,"z":0.023867258802056314,"w":0.9648983478546143},"size":0.35440266132354739,"orthographic":false}