{"cameraMode":{"drawMode":0,"name":"Shaded","section":"Shading Mode"},"sceneLighting":false,"audioPlay":false,"sceneViewState":{"showFog":true,"showMaterialUpdate":false,"showSkybox":false,"showFlares":true,"showImageEffects":true,"showParticleSystems":true},"in2DMode":false,"pivot":{"x":-1.8314870595932007,"y":298.981201171875,"z":-0.6176471710205078},"rotation":{"x":0.31380635499954226,"y":-0.33990752696990969,"z":0.1215394139289856,"w":0.8782161474227905},"size":2.047388792037964,"orthographic":false}