{"cameraMode":{"drawMode":0,"name":"Shaded","section":"Shading Mode"},"sceneLighting":false,"audioPlay":false,"sceneViewState":{"showFog":true,"showMaterialUpdate":false,"showSkybox":false,"showFlares":true,"showImageEffects":true,"showParticleSystems":true},"in2DMode":false,"pivot":{"x":998.0659790039063,"y":-77.29197692871094,"z":1253.2813720703125},"rotation":{"x":0.013646694831550122,"y":-0.4137369394302368,"z":-0.006201768293976784,"w":-0.9102817177772522},"size":10.0,"orthographic":false}