{"cameraMode":{"drawMode":0,"name":"Shaded","section":"Shading Mode"},"sceneLighting":true,"audioPlay":false,"sceneViewState":{"showFog":true,"showMaterialUpdate":false,"showSkybox":true,"showFlares":true,"showImageEffects":true,"showParticleSystems":true},"in2DMode":false,"pivot":{"x":36.54885482788086,"y":998.6640014648438,"z":84.02947998046875},"rotation":{"x":-0.6098010540008545,"y":0.09568976610898972,"z":-0.07442596554756165,"w":-0.7832602262496948},"size":0.24737873673439027,"orthographic":false}